fold,best_epoch,best_val_f1,best_val_accuracy,best_val_precision,best_val_recall,optimal_threshold
1,25,0.4237521946325558,0.698688524590164,0.29341785342132687,0.7624097472924187,-0.41004976630210876
2,10,0.4106180314553644,0.46786666666666665,0.26887465248398407,0.8684313266182556,-0.2866048216819763
3,4,0.41172538271274817,0.7066666666666667,0.3772741194486983,0.4531008607371441,-0.124900221824646
4,18,0.43640051631938037,0.4906,0.3011784468935325,0.7919817950605715,-0.1807037591934204
5,4,0.5308542461532949,0.5634833333333333,0.4141651294091341,0.7390892313831113,-0.17038828134536743
Mean ± Std,12.2 ± 8.2,0.4427 ± 0.0451,0.5855 ± 0.1008,0.3310 ± 0.0552,0.7230 ± 0.1418,-0.235 ± 0.103
