fold,best_epoch,best_val_f1,best_val_accuracy,best_val_precision,best_val_recall,optimal_threshold
1,24,0.41562646889852195,0.6331475409836066,0.2704043493034319,0.8977888086642599,-0.2907624840736389
2,3,0.39195571384329514,0.4764333333333333,0.260570810922099,0.7905832747716093,-0.1812567114830017
3,11,0.4375050924794263,0.5397666666666666,0.3025155638186991,0.7900389906569558,-0.21904462575912476
4,14,0.4409928165167934,0.46435,0.2979178416995676,0.8484706512281641,-0.2125677466392517
5,2,0.49473684210526314,0.4608,0.3601327846115368,0.7900144645618236,-0.23688189685344696
Mean ± Std,10.8 ± 8.0,0.4362 ± 0.0342,0.5149 ± 0.0657,0.2983 ± 0.0348,0.8234 ± 0.0435,-0.228 ± 0.036
